city,monthly_income_eur
Hannover,4400.0
Düsseldorf,4266.666666666667
Munich,4208.333333333333
Stuttgart,4190.909090909091
Hamburg,4041.6666666666665
Frankfurt,3990.909090909091
Cologne,3981.818181818182
Dresden,3900.0
Leipzig,3866.6666666666665
Berlin,3725.0
