,value,time
count,5.0,5.0
mean,11.16,0.4
std,2.662329806766998,0.5477225575051662
min,8.7,0.0
25%,9.1,0.0
50%,10.5,0.0
75%,12.3,1.0
max,15.2,1.0
