group,mean,std,q1,median,q3
"Bimodal (40,60)",49.75203866625007,11.470048144363068,39.74945602494514,49.66966450165661,59.74717837589361
Normal (μ=50),49.72744414178255,11.971769846718724,41.553964190896565,49.46845520686971,58.109699847056945
