category,value
A,0.049272746499212206
B,-0.012788334302007707
